company_id,company,evaluated_months,penalty_mode,penalty_factor,noise_sigma,penalty,min_delta,is_default,n_fall,n_rise,n_high,fall_months,rise_months
3,Thyssenkrupp,32,scaled,1.0,0.5682,1.119,0.2,,0,0,0,,
3,Thyssenkrupp,32,scaled,1.0,0.5682,1.119,0.3,,0,0,0,,
3,Thyssenkrupp,32,scaled,1.0,0.5682,1.119,0.5,,0,0,0,,
3,Thyssenkrupp,32,scaled,2.0,0.5682,2.2379,0.2,,0,0,0,,
3,Thyssenkrupp,32,scaled,2.0,0.5682,2.2379,0.3,ja,0,0,0,,
3,Thyssenkrupp,32,scaled,2.0,0.5682,2.2379,0.5,,0,0,0,,
3,Thyssenkrupp,32,scaled,3.0,0.5682,3.3569,0.2,,0,0,0,,
3,Thyssenkrupp,32,scaled,3.0,0.5682,3.3569,0.3,,0,0,0,,
3,Thyssenkrupp,32,scaled,3.0,0.5682,3.3569,0.5,,0,0,0,,
3,Thyssenkrupp,32,scaled,4.0,0.5682,4.4758,0.2,,0,0,0,,
3,Thyssenkrupp,32,scaled,4.0,0.5682,4.4758,0.3,,0,0,0,,
3,Thyssenkrupp,32,scaled,4.0,0.5682,4.4758,0.5,,0,0,0,,
3,Thyssenkrupp,32,fixed,,0.5682,0.5,0.2,,0,0,0,,
3,Thyssenkrupp,32,fixed,,0.5682,0.5,0.3,,0,0,0,,
3,Thyssenkrupp,32,fixed,,0.5682,0.5,0.5,,0,0,0,,
4,Open Grid Europe,22,scaled,1.0,0.26,0.2089,0.2,,0,1,0,,2024-04
4,Open Grid Europe,22,scaled,1.0,0.26,0.2089,0.3,,0,0,0,,
4,Open Grid Europe,22,scaled,1.0,0.26,0.2089,0.5,,0,0,0,,
4,Open Grid Europe,22,scaled,2.0,0.26,0.4179,0.2,,0,0,0,,
4,Open Grid Europe,22,scaled,2.0,0.26,0.4179,0.3,ja,0,0,0,,
4,Open Grid Europe,22,scaled,2.0,0.26,0.4179,0.5,,0,0,0,,
4,Open Grid Europe,22,scaled,3.0,0.26,0.6268,0.2,,0,0,0,,
4,Open Grid Europe,22,scaled,3.0,0.26,0.6268,0.3,,0,0,0,,
4,Open Grid Europe,22,scaled,3.0,0.26,0.6268,0.5,,0,0,0,,
4,Open Grid Europe,22,scaled,4.0,0.26,0.8358,0.2,,0,0,0,,
4,Open Grid Europe,22,scaled,4.0,0.26,0.8358,0.3,,0,0,0,,
4,Open Grid Europe,22,scaled,4.0,0.26,0.8358,0.5,,0,0,0,,
4,Open Grid Europe,22,fixed,,0.26,0.5,0.2,,0,0,0,,
4,Open Grid Europe,22,fixed,,0.26,0.5,0.3,,0,0,0,,
4,Open Grid Europe,22,fixed,,0.26,0.5,0.5,,0,0,0,,
7,E.ON,38,scaled,1.0,0.4172,0.6333,0.2,,2,2,4,2019-08;2020-07,2020-04;2021-10
7,E.ON,38,scaled,1.0,0.4172,0.6333,0.3,,2,2,4,2019-08;2020-07,2020-04;2021-10
7,E.ON,38,scaled,1.0,0.4172,0.6333,0.5,,2,2,4,2019-08;2020-07,2020-04;2021-10
7,E.ON,38,scaled,2.0,0.4172,1.2666,0.2,,0,1,0,,2023-11
7,E.ON,38,scaled,2.0,0.4172,1.2666,0.3,ja,0,1,0,,2023-11
7,E.ON,38,scaled,2.0,0.4172,1.2666,0.5,,0,0,0,,
7,E.ON,38,scaled,3.0,0.4172,1.8998,0.2,,0,0,0,,
7,E.ON,38,scaled,3.0,0.4172,1.8998,0.3,,0,0,0,,
7,E.ON,38,scaled,3.0,0.4172,1.8998,0.5,,0,0,0,,
7,E.ON,38,scaled,4.0,0.4172,2.5331,0.2,,0,0,0,,
7,E.ON,38,scaled,4.0,0.4172,2.5331,0.3,,0,0,0,,
7,E.ON,38,scaled,4.0,0.4172,2.5331,0.5,,0,0,0,,
7,E.ON,38,fixed,,0.4172,0.5,0.2,,2,3,4,2019-08;2020-07,2020-04;2021-10;2025-01
7,E.ON,38,fixed,,0.4172,0.5,0.3,,2,3,4,2019-08;2020-07,2020-04;2021-10;2025-01
7,E.ON,38,fixed,,0.4172,0.5,0.5,,2,2,4,2019-08;2020-07,2020-04;2021-10
8,RWE,34,scaled,1.0,0.3145,0.3488,0.2,,2,2,1,2021-10;2024-02,2018-08;2023-02
8,RWE,34,scaled,1.0,0.3145,0.3488,0.3,,2,2,1,2021-10;2024-02,2018-08;2023-02
8,RWE,34,scaled,1.0,0.3145,0.3488,0.5,,0,1,1,,2023-02
8,RWE,34,scaled,2.0,0.3145,0.6976,0.2,,0,1,0,,2023-02
8,RWE,34,scaled,2.0,0.3145,0.6976,0.3,ja,0,1,0,,2023-02
8,RWE,34,scaled,2.0,0.3145,0.6976,0.5,,0,0,0,,
8,RWE,34,scaled,3.0,0.3145,1.0464,0.2,,0,1,0,,2023-02
8,RWE,34,scaled,3.0,0.3145,1.0464,0.3,,0,1,0,,2023-02
8,RWE,34,scaled,3.0,0.3145,1.0464,0.5,,0,0,0,,
8,RWE,34,scaled,4.0,0.3145,1.3952,0.2,,0,0,0,,
8,RWE,34,scaled,4.0,0.3145,1.3952,0.3,,0,0,0,,
8,RWE,34,scaled,4.0,0.3145,1.3952,0.5,,0,0,0,,
8,RWE,34,fixed,,0.3145,0.5,0.2,,1,1,1,2024-02,2023-02
8,RWE,34,fixed,,0.3145,0.5,0.3,,1,1,1,2024-02,2023-02
8,RWE,34,fixed,,0.3145,0.5,0.5,,0,1,1,,2023-02
14,Karlsruher Institut für Technologie,27,scaled,1.0,0.3004,0.2973,0.2,,0,0,0,,
14,Karlsruher Institut für Technologie,27,scaled,1.0,0.3004,0.2973,0.3,,0,0,0,,
14,Karlsruher Institut für Technologie,27,scaled,1.0,0.3004,0.2973,0.5,,0,0,0,,
14,Karlsruher Institut für Technologie,27,scaled,2.0,0.3004,0.5947,0.2,,0,0,0,,
14,Karlsruher Institut für Technologie,27,scaled,2.0,0.3004,0.5947,0.3,ja,0,0,0,,
14,Karlsruher Institut für Technologie,27,scaled,2.0,0.3004,0.5947,0.5,,0,0,0,,
14,Karlsruher Institut für Technologie,27,scaled,3.0,0.3004,0.892,0.2,,0,0,0,,
14,Karlsruher Institut für Technologie,27,scaled,3.0,0.3004,0.892,0.3,,0,0,0,,
14,Karlsruher Institut für Technologie,27,scaled,3.0,0.3004,0.892,0.5,,0,0,0,,
14,Karlsruher Institut für Technologie,27,scaled,4.0,0.3004,1.1893,0.2,,0,0,0,,
14,Karlsruher Institut für Technologie,27,scaled,4.0,0.3004,1.1893,0.3,,0,0,0,,
14,Karlsruher Institut für Technologie,27,scaled,4.0,0.3004,1.1893,0.5,,0,0,0,,
14,Karlsruher Institut für Technologie,27,fixed,,0.3004,0.5,0.2,,0,0,0,,
14,Karlsruher Institut für Technologie,27,fixed,,0.3004,0.5,0.3,,0,0,0,,
14,Karlsruher Institut für Technologie,27,fixed,,0.3004,0.5,0.5,,0,0,0,,
15,Technische Universität München,13,scaled,1.0,0.3502,0.3145,0.2,,0,0,0,,
15,Technische Universität München,13,scaled,1.0,0.3502,0.3145,0.3,,0,0,0,,
15,Technische Universität München,13,scaled,1.0,0.3502,0.3145,0.5,,0,0,0,,
15,Technische Universität München,13,scaled,2.0,0.3502,0.629,0.2,,0,0,0,,
15,Technische Universität München,13,scaled,2.0,0.3502,0.629,0.3,ja,0,0,0,,
15,Technische Universität München,13,scaled,2.0,0.3502,0.629,0.5,,0,0,0,,
15,Technische Universität München,13,scaled,3.0,0.3502,0.9434,0.2,,0,0,0,,
15,Technische Universität München,13,scaled,3.0,0.3502,0.9434,0.3,,0,0,0,,
15,Technische Universität München,13,scaled,3.0,0.3502,0.9434,0.5,,0,0,0,,
15,Technische Universität München,13,scaled,4.0,0.3502,1.2579,0.2,,0,0,0,,
15,Technische Universität München,13,scaled,4.0,0.3502,1.2579,0.3,,0,0,0,,
15,Technische Universität München,13,scaled,4.0,0.3502,1.2579,0.5,,0,0,0,,
15,Technische Universität München,13,fixed,,0.3502,0.5,0.2,,0,0,0,,
15,Technische Universität München,13,fixed,,0.3502,0.5,0.3,,0,0,0,,
15,Technische Universität München,13,fixed,,0.3502,0.5,0.5,,0,0,0,,
19,SAP SE,26,scaled,1.0,0.3659,0.4361,0.2,,0,2,1,,2024-07;2026-01
19,SAP SE,26,scaled,1.0,0.3659,0.4361,0.3,,0,2,1,,2024-07;2026-01
19,SAP SE,26,scaled,1.0,0.3659,0.4361,0.5,,0,1,1,,2024-07
19,SAP SE,26,scaled,2.0,0.3659,0.8723,0.2,,0,1,1,,2024-07
19,SAP SE,26,scaled,2.0,0.3659,0.8723,0.3,ja,0,1,1,,2024-07
19,SAP SE,26,scaled,2.0,0.3659,0.8723,0.5,,0,1,1,,2024-07
19,SAP SE,26,scaled,3.0,0.3659,1.3084,0.2,,0,1,1,,2024-07
19,SAP SE,26,scaled,3.0,0.3659,1.3084,0.3,,0,1,1,,2024-07
19,SAP SE,26,scaled,3.0,0.3659,1.3084,0.5,,0,1,1,,2024-07
19,SAP SE,26,scaled,4.0,0.3659,1.7446,0.2,,0,1,1,,2024-07
19,SAP SE,26,scaled,4.0,0.3659,1.7446,0.3,,0,1,1,,2024-07
19,SAP SE,26,scaled,4.0,0.3659,1.7446,0.5,,0,1,1,,2024-07
19,SAP SE,26,fixed,,0.3659,0.5,0.2,,0,2,1,,2024-07;2026-01
19,SAP SE,26,fixed,,0.3659,0.5,0.3,,0,2,1,,2024-07;2026-01
19,SAP SE,26,fixed,,0.3659,0.5,0.5,,0,1,1,,2024-07
20,NTT DATA SE,40,scaled,1.0,0.3564,0.4687,0.2,,4,2,6,2017-07;2018-06;2019-07;2024-03,2019-03;2020-06
20,NTT DATA SE,40,scaled,1.0,0.3564,0.4687,0.3,,4,2,6,2017-07;2018-06;2019-07;2024-03,2019-03;2020-06
20,NTT DATA SE,40,scaled,1.0,0.3564,0.4687,0.5,,4,2,6,2017-07;2018-06;2019-07;2024-03,2019-03;2020-06
20,NTT DATA SE,40,scaled,2.0,0.3564,0.9373,0.2,,3,1,4,2017-11;2019-07;2024-03,2020-06
20,NTT DATA SE,40,scaled,2.0,0.3564,0.9373,0.3,ja,3,1,4,2017-11;2019-07;2024-03,2020-06
20,NTT DATA SE,40,scaled,2.0,0.3564,0.9373,0.5,,3,1,4,2017-11;2019-07;2024-03,2020-06
20,NTT DATA SE,40,scaled,3.0,0.3564,1.406,0.2,,1,1,2,2019-07,2020-06
20,NTT DATA SE,40,scaled,3.0,0.3564,1.406,0.3,,1,1,2,2019-07,2020-06
20,NTT DATA SE,40,scaled,3.0,0.3564,1.406,0.5,,1,1,2,2019-07,2020-06
20,NTT DATA SE,40,scaled,4.0,0.3564,1.8747,0.2,,1,1,2,2019-07,2020-06
20,NTT DATA SE,40,scaled,4.0,0.3564,1.8747,0.3,,1,1,2,2019-07,2020-06
20,NTT DATA SE,40,scaled,4.0,0.3564,1.8747,0.5,,1,1,2,2019-07,2020-06
20,NTT DATA SE,40,fixed,,0.3564,0.5,0.2,,4,2,6,2017-07;2018-06;2019-07;2024-03,2019-03;2020-06
20,NTT DATA SE,40,fixed,,0.3564,0.5,0.3,,4,2,6,2017-07;2018-06;2019-07;2024-03,2019-03;2020-06
20,NTT DATA SE,40,fixed,,0.3564,0.5,0.5,,4,2,6,2017-07;2018-06;2019-07;2024-03,2019-03;2020-06
21,1&1 AG,107,scaled,1.0,0.4817,1.0843,0.2,,2,3,3,2016-10;2019-12,2013-05;2019-03;2023-10
21,1&1 AG,107,scaled,1.0,0.4817,1.0843,0.3,,2,3,3,2016-10;2019-12,2013-05;2019-03;2023-10
21,1&1 AG,107,scaled,1.0,0.4817,1.0843,0.5,,2,1,3,2016-10;2019-12,2013-05
21,1&1 AG,107,scaled,2.0,0.4817,2.1687,0.2,,1,0,0,2016-10,
21,1&1 AG,107,scaled,2.0,0.4817,2.1687,0.3,ja,1,0,0,2016-10,
21,1&1 AG,107,scaled,2.0,0.4817,2.1687,0.5,,0,0,0,,
21,1&1 AG,107,scaled,3.0,0.4817,3.253,0.2,,1,0,0,2016-10,
21,1&1 AG,107,scaled,3.0,0.4817,3.253,0.3,,1,0,0,2016-10,
21,1&1 AG,107,scaled,3.0,0.4817,3.253,0.5,,0,0,0,,
21,1&1 AG,107,scaled,4.0,0.4817,4.3374,0.2,,0,0,0,,
21,1&1 AG,107,scaled,4.0,0.4817,4.3374,0.3,,0,0,0,,
21,1&1 AG,107,scaled,4.0,0.4817,4.3374,0.5,,0,0,0,,
21,1&1 AG,107,fixed,,0.4817,0.5,0.2,,4,5,8,2016-10;2017-10;2018-09;2019-12,2013-05;2017-06;2018-04;2019-03;2023-10
21,1&1 AG,107,fixed,,0.4817,0.5,0.3,,4,5,8,2016-10;2017-10;2018-09;2019-12,2013-05;2017-06;2018-04;2019-03;2023-10
21,1&1 AG,107,fixed,,0.4817,0.5,0.5,,4,4,8,2016-10;2017-10;2018-09;2019-12,2013-05;2017-06;2018-04;2019-03
24,Bechtle,139,scaled,1.0,0.3758,0.697,0.2,,2,3,3,2021-08;2023-06,2016-01;2021-02;2023-01
24,Bechtle,139,scaled,1.0,0.3758,0.697,0.3,,2,3,3,2021-08;2023-06,2016-01;2021-02;2023-01
24,Bechtle,139,scaled,1.0,0.3758,0.697,0.5,,1,2,3,2021-08,2021-02;2023-01
24,Bechtle,139,scaled,2.0,0.3758,1.394,0.2,,0,1,0,,2016-02
24,Bechtle,139,scaled,2.0,0.3758,1.394,0.3,ja,0,1,0,,2016-02
24,Bechtle,139,scaled,2.0,0.3758,1.394,0.5,,0,0,0,,
24,Bechtle,139,scaled,3.0,0.3758,2.091,0.2,,0,1,0,,2016-02
24,Bechtle,139,scaled,3.0,0.3758,2.091,0.3,,0,1,0,,2016-02
24,Bechtle,139,scaled,3.0,0.3758,2.091,0.5,,0,0,0,,
24,Bechtle,139,scaled,4.0,0.3758,2.788,0.2,,0,1,0,,2016-02
24,Bechtle,139,scaled,4.0,0.3758,2.788,0.3,,0,1,0,,2016-02
24,Bechtle,139,scaled,4.0,0.3758,2.788,0.5,,0,0,0,,
24,Bechtle,139,fixed,,0.3758,0.5,0.2,,2,3,3,2021-08;2023-06,2016-01;2021-02;2023-01
24,Bechtle,139,fixed,,0.3758,0.5,0.3,,2,3,3,2021-08;2023-06,2016-01;2021-02;2023-01
24,Bechtle,139,fixed,,0.3758,0.5,0.5,,1,2,3,2021-08,2021-02;2023-01
25,Cancom,115,scaled,1.0,0.5022,1.1965,0.2,,0,0,0,,
25,Cancom,115,scaled,1.0,0.5022,1.1965,0.3,,0,0,0,,
25,Cancom,115,scaled,1.0,0.5022,1.1965,0.5,,0,0,0,,
25,Cancom,115,scaled,2.0,0.5022,2.393,0.2,,0,0,0,,
25,Cancom,115,scaled,2.0,0.5022,2.393,0.3,ja,0,0,0,,
25,Cancom,115,scaled,2.0,0.5022,2.393,0.5,,0,0,0,,
25,Cancom,115,scaled,3.0,0.5022,3.5896,0.2,,0,0,0,,
25,Cancom,115,scaled,3.0,0.5022,3.5896,0.3,,0,0,0,,
25,Cancom,115,scaled,3.0,0.5022,3.5896,0.5,,0,0,0,,
25,Cancom,115,scaled,4.0,0.5022,4.7861,0.2,,0,0,0,,
25,Cancom,115,scaled,4.0,0.5022,4.7861,0.3,,0,0,0,,
25,Cancom,115,scaled,4.0,0.5022,4.7861,0.5,,0,0,0,,
25,Cancom,115,fixed,,0.5022,0.5,0.2,,8,8,15,2014-01;2017-06;2018-08;2021-07;2022-07;2023-06;2024-05;2025-03,2013-02;2016-08;2017-09;2020-03;2021-11;2023-01;2023-09;2024-08
25,Cancom,115,fixed,,0.5022,0.5,0.3,,8,8,15,2014-01;2017-06;2018-08;2021-07;2022-07;2023-06;2024-05;2025-03,2013-02;2016-08;2017-09;2020-03;2021-11;2023-01;2023-09;2024-08
25,Cancom,115,fixed,,0.5022,0.5,0.5,,7,8,15,2017-06;2018-08;2021-07;2022-07;2023-06;2024-05;2025-03,2013-02;2016-08;2017-09;2020-03;2021-11;2023-01;2023-09;2024-08
26,Carl Zeiss,99,scaled,1.0,0.3302,0.5011,0.2,,0,1,0,,2021-05
26,Carl Zeiss,99,scaled,1.0,0.3302,0.5011,0.3,,0,0,0,,
26,Carl Zeiss,99,scaled,1.0,0.3302,0.5011,0.5,,0,0,0,,
26,Carl Zeiss,99,scaled,2.0,0.3302,1.0022,0.2,,0,1,0,,2021-05
26,Carl Zeiss,99,scaled,2.0,0.3302,1.0022,0.3,ja,0,0,0,,
26,Carl Zeiss,99,scaled,2.0,0.3302,1.0022,0.5,,0,0,0,,
26,Carl Zeiss,99,scaled,3.0,0.3302,1.5033,0.2,,0,0,0,,
26,Carl Zeiss,99,scaled,3.0,0.3302,1.5033,0.3,,0,0,0,,
26,Carl Zeiss,99,scaled,3.0,0.3302,1.5033,0.5,,0,0,0,,
26,Carl Zeiss,99,scaled,4.0,0.3302,2.0045,0.2,,0,0,0,,
26,Carl Zeiss,99,scaled,4.0,0.3302,2.0045,0.3,,0,0,0,,
26,Carl Zeiss,99,scaled,4.0,0.3302,2.0045,0.5,,0,0,0,,
26,Carl Zeiss,99,fixed,,0.3302,0.5,0.2,,0,1,0,,2021-05
26,Carl Zeiss,99,fixed,,0.3302,0.5,0.3,,0,0,0,,
26,Carl Zeiss,99,fixed,,0.3302,0.5,0.5,,0,0,0,,
27,Compugroup Medical Deutschland,76,scaled,1.0,0.456,0.9007,0.2,,2,2,3,2019-06;2022-11,2017-02;2024-05
27,Compugroup Medical Deutschland,76,scaled,1.0,0.456,0.9007,0.3,,2,2,3,2019-06;2022-11,2017-02;2024-05
27,Compugroup Medical Deutschland,76,scaled,1.0,0.456,0.9007,0.5,,2,1,3,2019-06;2022-11,2017-02
27,Compugroup Medical Deutschland,76,scaled,2.0,0.456,1.8013,0.2,,1,0,1,2022-08,
27,Compugroup Medical Deutschland,76,scaled,2.0,0.456,1.8013,0.3,ja,1,0,1,2022-08,
27,Compugroup Medical Deutschland,76,scaled,2.0,0.456,1.8013,0.5,,1,0,1,2022-08,
27,Compugroup Medical Deutschland,76,scaled,3.0,0.456,2.702,0.2,,1,0,1,2022-08,
27,Compugroup Medical Deutschland,76,scaled,3.0,0.456,2.702,0.3,,1,0,1,2022-08,
27,Compugroup Medical Deutschland,76,scaled,3.0,0.456,2.702,0.5,,1,0,1,2022-08,
27,Compugroup Medical Deutschland,76,scaled,4.0,0.456,3.6026,0.2,,1,0,1,2022-08,
27,Compugroup Medical Deutschland,76,scaled,4.0,0.456,3.6026,0.3,,1,0,1,2022-08,
27,Compugroup Medical Deutschland,76,scaled,4.0,0.456,3.6026,0.5,,1,0,1,2022-08,
27,Compugroup Medical Deutschland,76,fixed,,0.456,0.5,0.2,,4,3,5,2019-05;2020-10;2022-08;2022-11,2017-02;2021-04;2024-05
27,Compugroup Medical Deutschland,76,fixed,,0.456,0.5,0.3,,4,3,5,2019-05;2020-10;2022-08;2022-11,2017-02;2021-04;2024-05
27,Compugroup Medical Deutschland,76,fixed,,0.456,0.5,0.5,,3,2,5,2020-10;2022-08;2022-11,2017-02;2021-04
28,Telekom,165,scaled,1.0,0.2836,0.4106,0.2,,4,5,7,2010-07;2015-04;2018-11;2022-10,2009-12;2013-05;2015-07;2019-02;2023-01
28,Telekom,165,scaled,1.0,0.2836,0.4106,0.3,,4,5,7,2010-07;2015-04;2018-11;2022-10,2009-12;2013-05;2015-07;2019-02;2023-01
28,Telekom,165,scaled,1.0,0.2836,0.4106,0.5,,4,3,7,2010-07;2015-04;2018-11;2022-10,2009-12;2015-07;2019-02
28,Telekom,165,scaled,2.0,0.2836,0.8212,0.2,,3,2,4,2010-07;2018-11;2022-11,2009-12;2019-02
28,Telekom,165,scaled,2.0,0.2836,0.8212,0.3,ja,2,2,4,2010-07;2018-11,2009-12;2019-02
28,Telekom,165,scaled,2.0,0.2836,0.8212,0.5,,2,2,4,2010-07;2018-11,2009-12;2019-02
28,Telekom,165,scaled,3.0,0.2836,1.2318,0.2,,1,1,0,2022-11,2019-04
28,Telekom,165,scaled,3.0,0.2836,1.2318,0.3,,0,1,0,,2019-04
28,Telekom,165,scaled,3.0,0.2836,1.2318,0.5,,0,0,0,,
28,Telekom,165,scaled,4.0,0.2836,1.6424,0.2,,0,1,0,,2019-02
28,Telekom,165,scaled,4.0,0.2836,1.6424,0.3,,0,0,0,,
28,Telekom,165,scaled,4.0,0.2836,1.6424,0.5,,0,0,0,,
28,Telekom,165,fixed,,0.2836,0.5,0.2,,4,5,7,2010-07;2015-04;2018-11;2022-10,2009-12;2013-05;2015-07;2019-02;2023-01
28,Telekom,165,fixed,,0.2836,0.5,0.3,,4,5,7,2010-07;2015-04;2018-11;2022-10,2009-12;2013-05;2015-07;2019-02;2023-01
28,Telekom,165,fixed,,0.2836,0.5,0.5,,4,3,7,2010-07;2015-04;2018-11;2022-10,2009-12;2015-07;2019-02
33,Freenet,86,scaled,1.0,0.3302,0.4858,0.2,,2,3,5,2015-10;2021-09,2016-04;2019-10;2022-02
33,Freenet,86,scaled,1.0,0.3302,0.4858,0.3,,2,3,5,2015-10;2021-09,2016-04;2019-10;2022-02
33,Freenet,86,scaled,1.0,0.3302,0.4858,0.5,,2,3,5,2015-10;2021-09,2016-04;2019-10;2022-02
33,Freenet,86,scaled,2.0,0.3302,0.9715,0.2,,2,3,5,2015-10;2021-09,2016-04;2019-10;2022-02
33,Freenet,86,scaled,2.0,0.3302,0.9715,0.3,ja,2,3,5,2015-10;2021-09,2016-04;2019-10;2022-02
33,Freenet,86,scaled,2.0,0.3302,0.9715,0.5,,2,3,5,2015-10;2021-09,2016-04;2019-10;2022-02
33,Freenet,86,scaled,3.0,0.3302,1.4573,0.2,,2,3,5,2015-10;2021-09,2016-04;2019-10;2022-02
33,Freenet,86,scaled,3.0,0.3302,1.4573,0.3,,2,3,5,2015-10;2021-09,2016-04;2019-10;2022-02
33,Freenet,86,scaled,3.0,0.3302,1.4573,0.5,,2,3,5,2015-10;2021-09,2016-04;2019-10;2022-02
33,Freenet,86,scaled,4.0,0.3302,1.943,0.2,,2,3,5,2015-10;2021-09,2016-04;2019-10;2022-02
33,Freenet,86,scaled,4.0,0.3302,1.943,0.3,,2,3,5,2015-10;2021-09,2016-04;2019-10;2022-02
33,Freenet,86,scaled,4.0,0.3302,1.943,0.5,,2,3,5,2015-10;2021-09,2016-04;2019-10;2022-02
33,Freenet,86,fixed,,0.3302,0.5,0.2,,2,3,5,2015-10;2021-09,2016-04;2019-10;2022-02
33,Freenet,86,fixed,,0.3302,0.5,0.3,,2,3,5,2015-10;2021-09,2016-04;2019-10;2022-02
33,Freenet,86,fixed,,0.3302,0.5,0.5,,2,3,5,2015-10;2021-09,2016-04;2019-10;2022-02
