period;mean_durchschnittsbewertung;count;delta_vs_previous
2011-03;4.800;1;
2011-04;;0;
2011-05;;0;
2011-06;;0;
2011-07;1.100;1;-3.700
2011-08;;0;
2011-09;;0;
2011-10;;0;
2011-11;3.900;1;2.800
2011-12;;0;
2012-01;;0;
2012-02;;0;
2012-03;;0;
2012-04;;0;
2012-05;;0;
2012-06;;0;
2012-07;1.300;1;-2.600
2012-08;;0;
2012-09;;0;
2012-10;;0;
2012-11;;0;
2012-12;;0;
2013-01;;0;
2013-02;2.300;1;1.000
2013-03;4.900;1;2.600
2013-04;;0;
2013-05;;0;
2013-06;2.100;1;-2.800
2013-07;1.000;1;-1.100
2013-08;1.450;2;0.450
2013-09;2.550;2;1.100
2013-10;1.000;1;-1.550
2013-11;5.000;1;4.000
2013-12;;0;
2014-01;;0;
2014-02;;0;
2014-03;;0;
2014-04;;0;
2014-05;3.500;1;-1.500
2014-06;;0;
2014-07;;0;
2014-08;;0;
2014-09;;0;
2014-10;;0;
2014-11;4.600;1;1.100
2014-12;;0;
2015-01;2.800;2;-1.800
2015-02;4.600;1;1.800
2015-03;;0;
2015-04;3.200;2;-1.400
2015-05;;0;
2015-06;;0;
2015-07;;0;
2015-08;;0;
2015-09;;0;
2015-10;4.500;1;1.300
2015-11;1.500;1;-3.000
2015-12;5.000;1;3.500
2016-01;3.600;3;-1.400
2016-02;4.850;6;1.250
2016-03;5.000;1;0.150
2016-04;;0;
2016-05;4.900;1;-0.100
2016-06;1.000;1;-3.900
2016-07;;0;
2016-08;4.850;2;3.850
2016-09;3.900;2;-0.950
2016-10;4.800;1;0.900
2016-11;;0;
2016-12;;0;
2017-01;;0;
2017-02;3.467;6;-1.333
2017-03;2.950;2;-0.517
2017-04;;0;
2017-05;;0;
2017-06;3.933;3;0.983
2017-07;;0;
2017-08;4.900;1;0.967
2017-09;4.450;2;-0.450
2017-10;;0;
2017-11;;0;
2017-12;;0;
2018-01;3.500;1;-0.950
2018-02;3.600;2;0.100
2018-03;4.300;4;0.700
2018-04;;0;
2018-05;1.300;1;-3.000
2018-06;;0;
2018-07;2.460;5;1.160
2018-08;4.050;2;1.590
2018-09;5.000;1;0.950
2018-10;4.900;1;-0.100
2018-11;2.100;1;-2.800
2018-12;1.800;1;-0.300
2019-01;;0;
2019-02;2.267;3;0.467
2019-03;5.000;1;2.733
2019-04;4.400;1;-0.600
2019-05;;0;
2019-06;2.740;5;-1.660
2019-07;2.800;2;0.060
2019-08;3.500;2;0.700
2019-09;;0;
2019-10;;0;
2019-11;;0;
2019-12;3.800;1;0.300
2020-01;1.800;2;-2.000
2020-02;2.100;1;0.300
2020-03;2.000;1;-0.100
2020-04;3.717;6;1.717
2020-05;4.300;2;0.583
2020-06;;0;
2020-07;1.000;1;-3.300
2020-08;;0;
2020-09;4.300;1;3.300
2020-10;1.000;1;-3.300
2020-11;5.000;1;4.000
2020-12;;0;
2021-01;;0;
2021-02;4.000;2;-1.000
2021-03;5.000;1;1.000
2021-04;4.700;1;-0.300
2021-05;;0;
2021-06;2.000;1;-2.700
2021-07;;0;
2021-08;;0;
2021-09;;0;
2021-10;;0;
2021-11;4.700;2;2.700
2021-12;;0;
2022-01;;0;
2022-02;;0;
2022-03;;0;
2022-04;;0;
2022-05;1.000;1;-3.700
2022-06;4.500;1;3.500
2022-07;5.000;1;0.500
2022-08;;0;
2022-09;5.000;1;0.000
2022-10;;0;
2022-11;;0;
2022-12;;0;
2023-01;3.000;2;-2.000
2023-02;2.950;2;-0.050
2023-03;2.500;1;-0.450
2023-04;;0;
2023-05;2.900;1;0.400
2023-06;3.500;1;0.600
2023-07;4.750;2;1.250
2023-08;;0;
2023-09;1.000;1;-3.750
2023-10;;0;
2023-11;;0;
2023-12;;0;
2024-01;1.900;1;0.900
2024-02;1.800;3;-0.100
2024-03;;0;
2024-04;;0;
2024-05;;0;
2024-06;1.100;1;-0.700
2024-07;5.000;1;3.900
2024-08;2.300;1;-2.700
2024-09;2.300;1;0.000
2024-10;;0;
2024-11;4.800;1;2.500
2024-12;;0;
2025-01;;0;
2025-02;;0;
2025-03;1.000;1;-3.800
2025-04;1.000;1;0.000
2025-05;;0;
2025-06;1.150;2;0.150
